<div author_id="0527" work_id="049" work_short="Jer">
  <ab l0="0527" l1="049" l2="Jer" l7="t" l8="1" l9="1"><lb n="1"/>								<hi rend="letter-spacing:0.15em">ΙΕΡΕΜΙΑΣ</hi> </ab>
   <ab l0="0527" l1="049" l2="Jer" l7="13" l8="1" l9="1"><lb n="1"/>	Τάδε λέγει κύριοσ Βάδισον καὶ κτῆσαι σεαυτῷ περίζωμα λινοῦν <lb n="2"/>καὶ περίθου περὶ τὴν ὀσφύν σου, καὶ ἐν ὕδατι οὐ διελεύσεται. </ab>
  <ab l0="0527" l1="049" l2="Jer" l7="13" l8="2" l9="1"><lb n="1"/> καὶ <lb n="2"/>ἐκτησάμην τὸ περίζωμα κατὰ τὸν λόγον κυρίου καὶ περιέθηκα περὶ <lb n="3"/>τὴν ὀσφύν μου. </ab>
  <ab l0="0527" l1="049" l2="Jer" l7="13" l8="3" l9="1"><lb n="1"/> καὶ ἐγενήθη λόγοσ κυρίου πρόσ με λέγων </ab>
  <ab l0="0527" l1="049" l2="Jer" l7="13" l8="4" l9="1"><lb n="1"/> Λαβὲ τὸ <lb n="2"/>περίζωμα τὸ περὶ τὴν ὀσφύν σου καὶ ἀνάστηθι καὶ βάδισον ἐπὶ <lb n="3"/>τὸν Εὐφράτην καὶ κατάκρυψον αὐτὸ ἐκεῖ ἐν τῇ τρυμαλιᾷ τῆσ πέ‐<lb n="4"/>τρασ. </ab>
  <ab l0="0527" l1="049" l2="Jer" l7="13" l8="5" l9="1"><lb n="1"/> καὶ ἐπορεύθην καὶ ἔκρυψα αὐτὸ ἐν τῷ Εὐφράτῃ, καθὼσ ἐνετεί‐<lb n="2"/>λατό μοι κύριοσ. </ab>
  <ab l0="0527" l1="049" l2="Jer" l7="13" l8="6" l9="1"><lb n="1"/> καὶ ἐγένετο μεθ’ ἡμέρασ πολλὰσ καὶ εἶπεν κύριοσ <lb n="2"/>πρόσ με Ἀνάστηθι βάδισον ἐπὶ τὸν Εὐφράτην καὶ λαβὲ ἐκεῖθεν τὸ <lb n="3"/>περίζωμα, ὃ ἐνετειλάμην σοι τοῦ κατακρύψαι ἐκεῖ. </ab>
  <ab l0="0527" l1="049" l2="Jer" l7="13" l8="7" l9="1"><lb n="1"/> καὶ ἐπορεύθην <lb n="2"/>ἐπὶ τὸν Εὐφράτην ποταμὸν καὶ ὤρυξα καὶ ἔλαβον τὸ περίζωμα ἐκ <lb n="3"/>τοῦ τόπου, οὗ κατώρυξα αὐτὸ ἐκεῖ, καὶ ἰδοὺ διεφθαρμένον ἦν, ὃ οὐ <lb n="4"/>μὴ χρησθῇ εἰσ οὐθέν. </ab>
  <ab l0="0527" l1="049" l2="Jer" l7="13" l8="8" l9="1"><lb n="1"/> καὶ ἐγενήθη λόγοσ κυρίου πρόσ με λέγων </ab>
  <ab l0="0527" l1="049" l2="Jer" l7="13" l8="9" l9="1"><lb n="1"/>Τάδε λέγει κύριοσ Οὕτω φθερῶ τὴν ὕβριν Ιουδα καὶ τὴν ὕβριν <lb n="2"/>Ιερουσαλημ, </ab>
  <ab l0="0527" l1="049" l2="Jer" l7="13" l8="10" l9="1"><lb n="1"/> τὴν πολλὴν ταύτην ὕβριν, τοὺσ μὴ βουλομένουσ ὑπ‐<lb n="2"/>ακούειν τῶν λόγων μου καὶ πορευθέντασ ὀπίσω θεῶν ἀλλοτρίων τοῦ <lb n="3"/>δουλεύειν αὐτοῖσ καὶ τοῦ προσκυνεῖν αὐτοῖσ, καὶ ἔσονται ὥσπερ τὸ <lb n="4"/>περίζωμα τοῦτο, ὃ οὐ χρησθήσεται εἰσ οὐθέν. </ab>
  <ab l0="0527" l1="049" l2="Jer" l7="13" l8="11" l9="1"><lb n="1"/> ὅτι καθάπερ κολ‐<lb n="2"/>λᾶται τὸ περίζωμα περὶ τὴν ὀσφὺν τοῦ ἀνθρώπου, οὕτωσ ἐκόλλησα </ab>
  <ab l0="0527" l1="049" l2="Jer" l7="13" l8="11" l9="3"><lb n="3"/>πρὸσ ἐμαυτὸν τὸν οἶκον τοῦ Ισραηλ καὶ πᾶν οἶκον Ιουδα τοῦ γε‐<lb n="4"/>νέσθαι μοι εἰσ λαὸν ὀνομαστὸν καὶ εἰσ καύχημα καὶ εἰσ δόξαν, καὶ <lb n="5"/>οὐκ εἰσήκουσάν μου. </ab>
  <ab l0="0527" l1="049" l2="Jer" l7="13" l8="12" l9="1"><lb n="1"/> καὶ ἐρεῖσ πρὸσ τὸν λαὸν τοῦτον Πᾶσ ἀσκὸσ <lb n="2"/>πληρωθήσεται οἴνου. καὶ ἔσται ἐὰν εἴπωσιν πρὸσ σέ Μὴ γνόντεσ <lb n="3"/>οὐ γνωσόμεθα ὅτι πᾶσ ἀσκὸσ πληρωθήσεται οἴνου; </ab>
  <ab l0="0527" l1="049" l2="Jer" l7="13" l8="13" l9="1"><lb n="1"/> καὶ ἐρεῖσ πρὸσ <lb n="2"/>αὐτούσ Τάδε λέγει κύριοσ Ἰδοὺ ἐγὼ πληρῶ τοὺσ κατοικοῦντασ τὴν <lb n="3"/>γῆν ταύτην καὶ τοὺσ βασιλεῖσ αὐτῶν τοὺσ καθημένουσ υἱοὺσ Δαυιδ  <lb n="4"/>ἐπὶ θρόνου αὐτοῦ καὶ τοὺσ ἱερεῖσ καὶ τοὺσ προφήτασ καὶ τὸν Ιου‐<lb n="5"/>δαν καὶ πάντασ τοὺσ κατοικοῦντασ Ιερουσαλημ μεθύσματι </ab>
  <ab l0="0527" l1="049" l2="Jer" l7="13" l8="14" l9="1"><lb n="1"/> καὶ δια‐<lb n="2"/>σκορπιῶ αὐτοὺσ ἄνδρα καὶ τὸν ἀδελφὸν αὐτοῦ καὶ τοὺσ πατέρασ <lb n="3"/>αὐτῶν καὶ τοὺσ υἱοὺσ αὐτῶν ἐν τῷ αὐτῷ· οὐκ ἐπιποθήσω, λέγει <lb n="4"/>κύριοσ, καὶ οὐ φείσομαι καὶ οὐκ οἰκτιρήσω ἀπὸ διαφθορᾶσ αὐτῶν. </ab>
  <ab l0="0527" l1="049" l2="Jer" l7="13" l8="15" l9="1"><lb n="1"/>	Ἀκούσατε καὶ ἐνωτίσασθε καὶ μὴ ἐπαίρεσθε, ὅτι κύριοσ ἐλάλη‐<lb n="2"/>σεν. </ab>
  <ab l0="0527" l1="049" l2="Jer" l7="13" l8="16" l9="1"><lb n="1"/> δότε τῷ κυρίῳ θεῷ ὑμῶν δόξαν πρὸ τοῦ συσκοτάσαι καὶ <lb n="2"/>πρὸσ τοῦ προσκόψαι πόδασ ὑμῶν ἐπ’ ὄρη σκοτεινὰ καὶ ἀναμενεῖτε <lb n="3"/>εἰσ φῶσ καὶ ἐκεῖ σκιὰ θανάτου καὶ τεθήσονται εἰσ σκότοσ. </ab>
  <ab l0="0527" l1="049" l2="Jer" l7="13" l8="17" l9="1"><lb n="1"/> ἐὰν <lb n="2"/>δὲ μὴ ἀκούσητε, κεκρυμμένωσ κλαύσεται ἡ ψυχὴ ὑμῶν ἀπὸ προσ‐<lb n="3"/>ώπου ὕβρεωσ, καὶ κατάξουσιν οἱ ὀφθαλμοὶ ὑμῶν δάκρυα, ὅτι συνετρί‐<lb n="4"/>βη τὸ ποίμνιον κυρίου. </ab>
  <ab l0="0527" l1="049" l2="Jer" l7="13" l8="18" l9="1"><lb n="1"/> εἴπατε τῷ βασιλεῖ καὶ τοῖσ δυναστεύου‐<lb n="2"/>σιν Ταπεινώθητε καὶ καθίσατε, ὅτι καθῃρέθη ἀπὸ κεφαλῆσ ὑμῶν <lb n="3"/>στέφανοσ δόξησ ὑμῶν. </ab>
  <ab l0="0527" l1="049" l2="Jer" l7="13" l8="19" l9="1"><lb n="1"/> πόλεισ αἱ πρὸσ νότον συνεκλείσθησαν, καὶ <lb n="2"/>οὐκ ἦν ὁ ἀνοίγων· ἀπῳκίσθη Ιουδασ, συνετέλεσεν ἀποικίαν τελείαν. </ab>
  <ab l0="0527" l1="049" l2="Jer" l7="13" l8="20" l9="1"><lb n="1"/>	Ἀνάλαβε ὀφθαλμούσ σου, Ιερουσαλημ, καὶ ἰδὲ τοὺσ ἐρχομένουσ <lb n="2"/>ἀπὸ βορρᾶ· ποῦ ἐστιν τὸ ποίμνιον, ὃ ἐδόθη σοι, πρόβατα δόξησ <lb n="3"/>σου; </ab>
  <ab l0="0527" l1="049" l2="Jer" l7="13" l8="21" l9="1"><lb n="1"/> τί ἐρεῖσ ὅταν ἐπισκέπτωνταί σε; καὶ σὺ ἐδίδαξασ αὐτοὺσ ἐπὶ <lb n="2"/>σὲ μαθήματα εἰσ ἀρχήν· οὐκ ὠδῖνεσ καθέξουσίν σε καθὼσ γυναῖκα <lb n="3"/>τίκτουσαν; </ab>
  <ab l0="0527" l1="049" l2="Jer" l7="13" l8="22" l9="1"><lb n="1"/> καὶ ἐὰν εἴπῃσ ἐν τῇ καρδίᾳ σου Διὰ τί ἀπήντησέν <lb n="2"/>μοι ταῦτα; διὰ τὸ πλῆθοσ τῆσ ἀδικίασ σου ἀνεκαλύφθη τὰ ὀπίσθιά <lb n="3"/>σου παραδειγματισθῆναι τὰσ πτέρνασ σου. </ab>
  <ab l0="0527" l1="049" l2="Jer" l7="13" l8="23" l9="1"><lb n="1"/> εἰ ἀλλάξεται Αἰθίοψ <lb n="2"/>τὸ δέρμα αὐτοῦ καὶ πάρδαλισ τὰ ποικίλματα αὐτῆσ, καὶ ὑμεῖσ δυνή‐<lb n="3"/>σεσθε εὖ ποιῆσαι μεμαθηκότεσ τὰ κακά. </ab>
  <ab l0="0527" l1="049" l2="Jer" l7="13" l8="24" l9="1"><lb n="1"/> καὶ διέσπειρα αὐτοὺσ ὡσ <lb n="2"/>φρύγανα φερόμενα ὑπὸ ἀνέμου εἰσ ἔρημον. </ab>
  <ab l0="0527" l1="049" l2="Jer" l7="13" l8="25" l9="1"><lb n="1"/> οὗτοσ ὁ κλῆρόσ σου <lb n="2"/>καὶ μερὶσ τοῦ ἀπειθεῖν ὑμᾶσ ἐμοί, λέγει κύριοσ, ὡσ ἐπελάθου μου <lb n="3"/>καὶ ἤλπισασ ἐπὶ ψεύδεσιν. </ab>
  <ab l0="0527" l1="049" l2="Jer" l7="13" l8="26" l9="1"><lb n="1"/> κἀγὼ ἀποκαλύψω τὰ ὀπίσω σου ἐπὶ <lb n="2"/>τὸ πρόσωπόν σου, καὶ ὀφθήσεται ἡ ἀτιμία σου. </ab>
  <ab l0="0527" l1="049" l2="Jer" l7="13" l8="27" l9="1"><lb n="1"/> καὶ ἡ μοιχεία <lb n="2"/>σου καὶ ὁ χρεμετισμόσ σου καὶ ἡ ἀπαλλοτρίωσισ τῆσ πορνείασ σου, <lb n="3"/>ἐπὶ τῶν βουνῶν καὶ ἐν τοῖσ ἀγροῖσ ἑώρακα τὰ βδελύγματά σου· <lb n="4"/>οὐαί σοι, Ιερουσαλημ, ὅτι οὐκ ἐκαθαρίσθησ ὀπίσω μου, ἕωσ τίνοσ ἔτι; </ab>
  
</div>