<div author_id="0527" work_id="049" work_short="Jer">
  <ab l0="0527" l1="049" l2="Jer" l7="t" l8="1" l9="1"><lb n="1"/>								<hi rend="letter-spacing:0.15em">ΙΕΡΕΜΙΑΣ</hi> </ab>
  
  <ab l0="0527" l1="049" l2="Jer" l7="36" l8="1" l9="1"><lb n="1"/>	Καὶ οὗτοι οἱ λόγοι τῆσ βίβλου, οὓσ ἀπέστειλεν Ιερεμιασ ἐξ Ιε‐<lb n="2"/>ρουσαλημ πρὸσ τοὺσ πρεσβυτέρουσ τῆσ ἀποικίασ καὶ πρὸσ τοὺσ <lb n="3"/>ἱερεῖσ καὶ πρὸσ τοὺσ ψευδοπροφήτασ ἐπιστολὴν εἰσ Βαβυλῶνα τῇ <lb n="4"/>ἀποικίᾳ καὶ πρὸσ ἅπαντα τὸν λαὸν </ab>
  <ab l0="0527" l1="049" l2="Jer" l7="36" l8="2" l9="1"><lb n="1"/> ὕστερον ἐξελθόντοσ Ιεχονιου <lb n="2"/>τοῦ βασιλέωσ καὶ τῆσ βασιλίσσησ καὶ τῶν εὐνούχων καὶ παντὸσ <lb n="3"/>ἐλευθέρου καὶ δεσμώτου καὶ τεχνίτου ἐξ Ιερουσαλημ </ab>
  <ab l0="0527" l1="049" l2="Jer" l7="36" l8="3" l9="1"><lb n="1"/> ἐν χειρὶ Ελε‐</ab>
  <ab l0="0527" l1="049" l2="Jer" l7="36" l8="3" l9="2"><lb n="2"/>ασα υἱοῦ Σαφαν καὶ Γαμαριου υἱοῦ Χελκιου, ὃν ἀπέστειλεν Σεδε‐<lb n="3"/>κιασ βασιλεὺσ Ιουδα πρὸσ βασιλέα Βαβυλῶνοσ εἰσ Βαβυλῶνα, λέγων </ab>
  <ab l0="0527" l1="049" l2="Jer" l7="36" l8="4" l9="1"><lb n="1"/>Οὕτωσ εἶπεν κύριοσ ὁ θεὸσ Ισραηλ ἐπὶ τὴν ἀποικίαν, ἣν ἀπῴκισα <lb n="2"/>ἀπὸ Ιερουσαλημ </ab>
  <ab l0="0527" l1="049" l2="Jer" l7="36" l8="5" l9="1"><lb n="1"/> Οἰκοδομήσατε οἴκουσ καὶ κατοικήσατε καὶ φυτεύ‐<lb n="2"/>σατε παραδείσουσ καὶ φάγετε τοὺσ καρποὺσ αὐτῶν </ab>
  <ab l0="0527" l1="049" l2="Jer" l7="36" l8="6" l9="1"><lb n="1"/> καὶ λάβετε <lb n="2"/>γυναῖκασ καὶ τεκνοποιήσατε υἱοὺσ καὶ θυγατέρασ καὶ λάβετε τοῖσ <lb n="3"/>υἱοῖσ ὑμῶν γυναῖκασ καὶ τὰσ θυγατέρασ ὑμῶν ἀνδράσιν δότε καὶ <lb n="4"/>πληθύνεσθε καὶ μὴ σμικρυνθῆτε </ab>
  <ab l0="0527" l1="049" l2="Jer" l7="36" l8="7" l9="1"><lb n="1"/> καὶ ζητήσατε εἰσ εἰρήνην τῆσ γῆσ, <lb n="2"/>εἰσ ἣν ἀπῴκισα ὑμᾶσ ἐκεῖ, καὶ προσεύξασθε περὶ αὐτῶν πρὸσ κύ‐<lb n="3"/>ριον, ὅτι ἐν εἰρήνῃ αὐτῆσ ἔσται εἰρήνη ὑμῖν. </ab>
  <ab l0="0527" l1="049" l2="Jer" l7="36" l8="8" l9="1"><lb n="1"/> ὅτι οὕτωσ εἶπεν κύ‐<lb n="2"/>ριοσ Μὴ ἀναπειθέτωσαν ὑμᾶσ οἱ ψευδοπροφῆται οἱ ἐν ὑμῖν, καὶ <lb n="3"/>μὴ ἀναπειθέτωσαν ὑμᾶσ οἱ μάντεισ ὑμῶν, καὶ μὴ ἀκούετε εἰσ τὰ <lb n="4"/>ἐνύπνια ὑμῶν, ἃ ὑμεῖσ ἐνυπνιάζεσθε, </ab>
  <ab l0="0527" l1="049" l2="Jer" l7="36" l8="9" l9="1"><lb n="1"/> ὅτι ἄδικα αὐτοὶ προφητεύ‐<lb n="2"/>ουσιν ὑμῖν ἐπὶ τῷ ὀνόματί μου, καὶ οὐκ ἀπέστειλα αὐτούσ. </ab>
  <ab l0="0527" l1="049" l2="Jer" l7="36" l8="10" l9="1"><lb n="1"/> ὅτι  <lb n="2"/>οὕτωσ εἶπεν κύριοσ Ὅταν μέλλῃ πληροῦσθαι Βαβυλῶνι ἑβδομήκοντα <lb n="3"/>ἔτη, ἐπισκέψομαι ὑμᾶσ καὶ ἐπιστήσω τοὺσ λόγουσ μου ἐφ’ ὑμᾶσ <lb n="4"/>τοῦ τὸν λαὸν ὑμῶν ἀποστρέψαι εἰσ τὸν τόπον τοῦτον· </ab>
  <ab l0="0527" l1="049" l2="Jer" l7="36" l8="11" l9="1"><lb n="1"/> καὶ λο‐<lb n="2"/>γιοῦμαι ἐφ’ ὑμᾶσ λογισμὸν εἰρήνησ καὶ οὐ κακὰ τοῦ δοῦναι ὑμῖν <lb n="3"/>ταῦτα. </ab>
  <ab l0="0527" l1="049" l2="Jer" l7="36" l8="12" l9="1"><lb n="1"/> καὶ προσεύξασθε πρόσ με, καὶ εἰσακούσομαι ὑμῶν· </ab>
  <ab l0="0527" l1="049" l2="Jer" l7="36" l8="13" l9="1"><lb n="1"/> καὶ <lb n="2"/>ἐκζητήσατέ με, καὶ εὑρήσετέ με, ὅτι ζητήσετέ με ἐν ὅλῃ καρδίᾳ <lb n="3"/>ὑμῶν, </ab>
  <ab l0="0527" l1="049" l2="Jer" l7="36" l8="14" l9="1"><lb n="1"/> καὶ ἐπιφανοῦμαι ὑμῖν. — </ab>
  <ab l0="0527" l1="049" l2="Jer" l7="36" l8="15" l9="1"><lb n="1"/> ὅτι εἴπατε Κατέστησεν ἡμῖν <lb n="2"/>κύριοσ προφήτασ ἐν Βαβυλῶνι, </ab>
  <ab l0="0527" l1="049" l2="Jer" l7="36" l8="21" l9="1"><lb n="1"/> οὕτωσ εἶπεν κύριοσ ἐπὶ Αχιαβ καὶ <lb n="2"/>ἐπὶ Σεδεκιαν Ἰδοὺ ἐγὼ δίδωμι αὐτοὺσ εἰσ χεῖρασ βασιλέωσ Βαβυ‐<lb n="3"/>λῶνοσ, καὶ πατάξει αὐτοὺσ κατ’ ὀφθαλμοὺσ ὑμῶν. </ab>
  <ab l0="0527" l1="049" l2="Jer" l7="36" l8="22" l9="1"><lb n="1"/> καὶ λήμψονται <lb n="2"/>ἀπ’ αὐτῶν κατάραν ἐν πάσῃ τῇ ἀποικίᾳ Ιουδα ἐν Βαβυλῶνι λέγον‐<lb n="3"/>τεσ Ποιήσαι σε κύριοσ, ὡσ Σεδεκιαν ἐποίησεν καὶ ὡσ Αχιαβ, οὓσ <lb n="4"/>ἀπετηγάνισεν βασιλεὺσ Βαβυλῶνοσ ἐν πυρὶ </ab>
  <ab l0="0527" l1="049" l2="Jer" l7="36" l8="23" l9="1"><lb n="1"/> δι’ ἣν ἐποίησαν ἀνο‐<lb n="2"/>μίαν ἐν Ισραηλ καὶ ἐμοιχῶντο τὰσ γυναῖκασ τῶν πολιτῶν αὐτῶν <lb n="3"/>καὶ λόγον ἐχρημάτισαν ἐν τῷ ὀνόματί μου, ὃν οὐ συνέταξα αὐτοῖσ, <lb n="4"/>καὶ ἐγὼ μάρτυσ, φησὶν κύριοσ. — </ab>
  <ab l0="0527" l1="049" l2="Jer" l7="36" l8="24" l9="1"><lb n="1"/> καὶ πρὸσ Σαμαιαν τὸν Νελα‐<lb n="2"/>μίτην ἐρεῖσ </ab>
  <ab l0="0527" l1="049" l2="Jer" l7="36" l8="25" l9="1"><lb n="1"/> Οὐκ ἀπέστειλά σε τῷ ὀνόματί μου. καὶ πρὸσ Σοφο‐<lb n="2"/>νιαν υἱὸν Μαασαιου τὸν ἱερέα εἰπέ </ab>
  <ab l0="0527" l1="049" l2="Jer" l7="36" l8="26" l9="1"><lb n="1"/> Κύριοσ ἔδωκέν σε εἰσ ἱερέα <lb n="2"/>ἀντὶ Ιωδαε τοῦ ἱερέωσ γενέσθαι ἐπιστάτην ἐν τῷ οἴκῳ κυρίου <lb n="3"/>παντὶ ἀνθρώπῳ προφητεύοντι καὶ παντὶ ἀνθρώπῳ μαινομένῳ, καὶ <lb n="4"/>δώσεισ αὐτὸν εἰσ τὸ ἀπόκλεισμα καὶ εἰσ τὸν καταρράκτην. </ab>
  <ab l0="0527" l1="049" l2="Jer" l7="36" l8="27" l9="1"><lb n="1"/> καὶ <lb n="2"/>νῦν διὰ τί συνελοιδορήσατε Ιερεμιαν τὸν ἐξ Αναθωθ τὸν προφη‐<lb n="3"/>τεύσαντα ὑμῖν; </ab>
  <ab l0="0527" l1="049" l2="Jer" l7="36" l8="28" l9="1"><lb n="1"/> οὐ διὰ τοῦτο ἀπέστειλεν πρὸσ ὑμᾶσ εἰσ Βαβυ‐<lb n="2"/>λῶνα λέγων Μακράν ἐστιν, οἰκοδομήσατε οἰκίασ καὶ κατοικήσατε <lb n="3"/>καὶ φυτεύσατε κήπουσ καὶ φάγεσθε τὸν καρπὸν αὐτῶν; — </ab>
  <ab l0="0527" l1="049" l2="Jer" l7="36" l8="29" l9="1"><lb n="1"/> καὶ <lb n="2"/>ἀνέγνω Σοφονιασ τὸ βιβλίον εἰσ τὰ ὦτα Ιερεμιου. </ab>
  <ab l0="0527" l1="049" l2="Jer" l7="36" l8="30" l9="1"><lb n="1"/> καὶ ἐγένετο <lb n="2"/>λόγοσ κυρίου πρὸσ Ιερεμιαν λέγων </ab>
  <ab l0="0527" l1="049" l2="Jer" l7="36" l8="31" l9="1"><lb n="1"/> Ἀπόστειλον πρὸσ τὴν ἀποι‐<lb n="2"/>κίαν λέγων Οὕτωσ εἶπεν κύριοσ ἐπὶ Σαμαιαν τὸν Νελαμίτην Ἐπειδὴ <lb n="3"/>ἐπροφήτευσεν ὑμῖν Σαμαιασ, καὶ ἐγὼ οὐκ ἀπέστειλα αὐτόν, καὶ <lb n="4"/>πεποιθέναι ἐποίησεν ὑμᾶσ ἐπ’ ἀδίκοισ, </ab>
  <ab l0="0527" l1="049" l2="Jer" l7="36" l8="32" l9="1"><lb n="1"/> διὰ τοῦτο οὕτωσ εἶπεν <lb n="2"/>κύριοσ Ἰδοὺ ἐγὼ ἐπισκέψομαι ἐπὶ Σαμαιαν καὶ ἐπὶ τὸ γένοσ αὐτοῦ, <lb n="3"/>καὶ οὐκ ἔσται αὐτῶν ἄνθρωποσ ἐν μέσῳ ὑμῶν τοῦ ἰδεῖν τὰ ἀγα‐<lb n="4"/>θά, ἃ ἐγὼ ποιήσω ὑμῖν· οὐκ ὄψονται. </ab>
  
</div>