<div author_id="0527" work_id="049" work_short="Jer">
  <ab l0="0527" l1="049" l2="Jer" l7="t" l8="1" l9="1"><lb n="1"/>								<hi rend="letter-spacing:0.15em">ΙΕΡΕΜΙΑΣ</hi> </ab>
  
  <ab l0="0527" l1="049" l2="Jer" l7="24" l8="1" l9="1"><lb n="1"/>	Ἔδειξέν μοι κύριοσ δύο καλάθουσ σύκων κειμένουσ κατὰ πρόσ‐<lb n="2"/>ωπον ναοῦ κυρίου μετὰ τὸ ἀποικίσαι Ναβουχοδονοσορ βασιλέα <lb n="3"/>Βαβυλῶνοσ τὸν Ιεχονιαν υἱὸν Ιωακιμ βασιλέα Ιουδα καὶ τοὺσ ἄρ‐<lb n="4"/>χοντασ καὶ τοὺσ τεχνίτασ καὶ τοὺσ δεσμώτασ καὶ τοὺσ πλουσίουσ <lb n="5"/>ἐξ Ιερουσαλημ καὶ ἤγαγεν αὐτοὺσ εἰσ Βαβυλῶνα· </ab>
  <ab l0="0527" l1="049" l2="Jer" l7="24" l8="2" l9="1"><lb n="1"/> ὁ κάλαθοσ ὁ <lb n="2"/>εἷσ σύκων χρηστῶν σφόδρα ὡσ τὰ σῦκα τὰ πρόιμα, καὶ ὁ κάλαθοσ <lb n="3"/>ὁ ἕτεροσ σύκων πονηρῶν σφόδρα, ἃ οὐ βρωθήσεται ἀπὸ πονηρίασ <lb n="4"/>αὐτῶν. </ab>
  <ab l0="0527" l1="049" l2="Jer" l7="24" l8="3" l9="1"><lb n="1"/> καὶ εἶπεν κύριοσ πρόσ με Τί σὺ ὁρᾷσ, Ιερεμια; καὶ εἶπα <lb n="2"/>Σῦκα· τὰ χρηστὰ χρηστὰ λίαν, καὶ τὰ πονηρὰ πονηρὰ λίαν, ἃ οὐ <lb n="3"/>βρωθήσεται ἀπὸ πονηρίασ αὐτῶν. </ab>
  <ab l0="0527" l1="049" l2="Jer" l7="24" l8="4" l9="1"><lb n="1"/> καὶ ἐγένετο λόγοσ κυρίου πρόσ <lb n="2"/>με λέγων </ab>
  <ab l0="0527" l1="049" l2="Jer" l7="24" l8="5" l9="1"><lb n="1"/> Τάδε λέγει κύριοσ ὁ θεὸσ Ισραηλ Ὡσ τὰ σῦκα τὰ χρηστὰ <lb n="2"/>ταῦτα, οὕτωσ ἐπιγνώσομαι τοὺσ ἀποικισθέντασ Ιουδα, οὓσ ἐξαπ‐<lb n="3"/>έσταλκα ἐκ τοῦ τόπου τούτου εἰσ γῆν Χαλδαίων εἰσ ἀγαθά. </ab>
  <ab l0="0527" l1="049" l2="Jer" l7="24" l8="6" l9="1"><lb n="1"/> καὶ <lb n="2"/>στηριῶ τοὺσ ὀφθαλμούσ μου ἐπ’ αὐτοὺσ εἰσ ἀγαθὰ καὶ ἀποκατα‐<lb n="3"/>στήσω αὐτοὺσ εἰσ τὴν γῆν ταύτην εἰσ ἀγαθὰ καὶ ἀνοικοδομήσω <lb n="4"/>αὐτοὺσ καὶ οὐ μὴ καθελῶ καὶ καταφυτεύσω αὐτοὺσ καὶ οὐ μὴ <lb n="5"/>ἐκτίλω· </ab>
  <ab l0="0527" l1="049" l2="Jer" l7="24" l8="7" l9="1"><lb n="1"/> καὶ δώσω αὐτοῖσ καρδίαν τοῦ εἰδέναι αὐτοὺσ ἐμὲ ὅτι <lb n="2"/>ἐγώ εἰμι κύριοσ, καὶ ἔσονταί μοι εἰσ λαόν, καὶ ἐγὼ ἔσομαι αὐτοῖσ <lb n="3"/>εἰσ θεόν, ὅτι ἐπιστραφήσονται ἐπ’ ἐμὲ ἐξ ὅλησ τῆσ καρδίασ αὐτῶν.  </ab>
  <ab l0="0527" l1="049" l2="Jer" l7="24" l8="8" l9="1"><lb n="1"/>καὶ ὡσ τὰ σῦκα τὰ πονηρά, ἃ οὐ βρωθήσεται ἀπὸ πονηρίασ αὐ‐<lb n="2"/>τῶν, τάδε λέγει κύριοσ, οὕτωσ παραδώσω τὸν Σεδεκιαν βασιλέα <lb n="3"/>Ιουδα καὶ τοὺσ μεγιστᾶνασ αὐτοῦ καὶ τὸ κατάλοιπον Ιερουσαλημ <lb n="4"/>τοὺσ ὑπολελειμμένουσ ἐν τῇ γῇ ταύτῃ καὶ τοὺσ κατοικοῦντασ ἐν <lb n="5"/>Αἰγύπτῳ· </ab>
  <ab l0="0527" l1="049" l2="Jer" l7="24" l8="9" l9="1"><lb n="1"/> καὶ δώσω αὐτοὺσ εἰσ διασκορπισμὸν εἰσ πάσασ τὰσ <lb n="2"/>βασιλείασ τῆσ γῆσ, καὶ ἔσονται εἰσ ὀνειδισμὸν καὶ εἰσ παραβολὴν <lb n="3"/>καὶ εἰσ μῖσοσ καὶ εἰσ κατάραν ἐν παντὶ τόπῳ, οὗ ἐξῶσα αὐτοὺσ <lb n="4"/>ἐκεῖ· </ab>
  <ab l0="0527" l1="049" l2="Jer" l7="24" l8="10" l9="1"><lb n="1"/> καὶ ἀποστελῶ εἰσ αὐτοὺσ τὸν λιμὸν καὶ τὸν θάνατον καὶ <lb n="2"/>τὴν μάχαιραν, ἕωσ ἂν ἐκλίπωσιν ἀπὸ τῆσ γῆσ, ἧσ ἔδωκα αὐτοῖσ. </ab>
  
</div>