<div author_id="0527" work_id="049" work_short="Jer">
  <ab l0="0527" l1="049" l2="Jer" l7="t" l8="1" l9="1"><lb n="1"/>								<hi rend="letter-spacing:0.15em">ΙΕΡΕΜΙΑΣ</hi> </ab>
  
  <ab l0="0527" l1="049" l2="Jer" l7="29" l8="1" l9="1"><lb n="1"/>							<title>Ἐπὶ τοὺσ ἀλλοφύλουσ.</title> </ab>
  <ab l0="0527" l1="049" l2="Jer" l7="29" l8="2" l9="1"><lb n="1"/>	Τάδε λέγει κύριοσ Ἰδοὺ ὕδατα ἀναβαίνει ἀπὸ βορρᾶ καὶ ἔσται <lb n="2"/>εἰσ χειμάρρουν κατακλύζοντα καὶ κατακλύσει γῆν καὶ τὸ πλήρωμα <lb n="3"/>αὐτῆσ, πόλιν καὶ τοὺσ κατοικοῦντασ ἐν αὐτῇ· καὶ κεκράξονται οἱ <lb n="4"/>ἄνθρωποι, καὶ ἀλαλάξουσιν ἅπαντεσ οἱ κατοικοῦντεσ τὴν γῆν. </ab>
  <ab l0="0527" l1="049" l2="Jer" l7="29" l8="3" l9="1"><lb n="1"/> ἀπὸ <lb n="2"/>φωνῆσ ὁρμῆσ αὐτοῦ, ἀπὸ τῶν ὁπλῶν τῶν ποδῶν αὐτοῦ καὶ ἀπὸ <lb n="3"/>σεισμοῦ τῶν ἁρμάτων αὐτοῦ, ἤχου τροχῶν αὐτοῦ οὐκ ἐπέστρεψαν <lb n="4"/>πατέρεσ ἐφ’ υἱοὺσ αὐτῶν ἀπὸ ἐκλύσεωσ χειρῶν αὐτῶν </ab>
  <ab l0="0527" l1="049" l2="Jer" l7="29" l8="4" l9="1"><lb n="1"/> ἐν τῇ ἡμέρᾳ <lb n="2"/>τῇ ἐρχομένῃ τοῦ ἀπολέσαι πάντασ τοὺσ ἀλλοφύλουσ· καὶ ἀφανιῶ <lb n="3"/>τὴν Τύρον καὶ τὴν Σιδῶνα καὶ πάντασ τοὺσ καταλοίπουσ τῆσ βοη‐<lb n="4"/>θείασ αὐτῶν, ὅτι ἐξολεθρεύσει κύριοσ τοὺσ καταλοίπουσ τῶν νήσων. </ab>
  <ab l0="0527" l1="049" l2="Jer" l7="29" l8="5" l9="1"><lb n="1"/>ἥκει φαλάκρωμα ἐπὶ Γάζαν, ἀπερρίφη Ἀσκαλὼν καὶ οἱ κατάλοιποι <lb n="2"/>Ενακιμ. ἕωσ τίνοσ κόψεισ, </ab>
  <ab l0="0527" l1="049" l2="Jer" l7="29" l8="6" l9="1"><lb n="1"/> ἡ μάχαιρα τοῦ κυρίου; ἕωσ τίνοσ οὐχ <lb n="2"/>ἡσυχάσεισ; ἀποκατάστηθι εἰσ τὸν κολεόν σου, ἀνάπαυσαι καὶ ἐπάρ‐<lb n="3"/>θητι. </ab>
  <ab l0="0527" l1="049" l2="Jer" l7="29" l8="7" l9="1"><lb n="1"/> πῶσ ἡσυχάσει; καὶ κύριοσ ἐνετείλατο αὐτῇ ἐπὶ τὴν Ἀσκα‐<lb n="2"/>λῶνα καὶ ἐπὶ τὰσ παραθαλασσίουσ, ἐπὶ τὰσ καταλοίπουσ, ἐπεγερθῆναι. </ab>
  
</div>